workers,pool_time_s,proc_time_s
1,0.7320012000000133,0.6458532999986346
2,0.7429918000016187,0.698413399999481
3,0.8221847000004345,0.7897578000010981
4,0.9936926999998832,0.8696993000012299
