Cores,Time
1,0.9692811999993864
2,1.0876688999996986
3,1.210278599999583
4,1.441588600000614
5,1.4278582000006281
6,1.580960799999957
7,2.713634199999433
8,2.24917909999931
