Cores,Time
1,1.0333845000004658
2,2.437257399998998
3,1.5861862000001565
4,2.160290599998916
5,1.9617096000001766
6,2.186358200000541
7,3.687381899999309
8,2.940414000000601
